Unit: dimensionless (% of output purchased),ISIC 01T03,ISIC 05,ISIC 06,ISIC 07T08,ISIC 09,ISIC 10T12,ISIC 13T15,ISIC 16,ISIC 17T18,ISIC 19,ISIC 20,ISIC 21,ISIC 22,ISIC 231,ISIC 239,ISIC 241,ISIC 242,ISIC 25,ISIC 26,ISIC 27,ISIC 28,ISIC 29,ISIC 30,ISIC 31T33,ISIC 351,ISIC 352T353,ISIC 36T39,ISIC 41T43,ISIC 45T47,ISIC 49T53,ISIC 55T56,ISIC 58T60,ISIC 61,ISIC 62T63,ISIC 64T66,ISIC 68,ISIC 69T82,ISIC 84,ISIC 85,ISIC 86T88,ISIC 90T96,ISIC 97T98
agriculture and forestry 01T03,0.32906359391473733,0,0,2.7827059777967266e-4,5.294433050356208e-7,0.5093983016032563,0.001731982781761164,0.0662292107641137,0.005519531347200238,0,0.0024703012360282163,0.0016468674906854777,0.004116528709308736,0,0,0,0,0,0,0,0,0,0,0.001366318335699648,0,0,0,0.0015107007070288938,0.00965491805395907,3.209901809929252e-5,0.03674022669374798,0,0,0,6.55902153422749e-7,3.847416226058933e-6,0.004093339197752577,0.023089293164051745,0.0010449233963916301,0,0.0020085602267138954,0
coal mining 05,0,0,0,0,0,0,0,0,0,0,0,0,0,0,0,0,0,0,0,0,0,0,0,0,0,0,0,0,0,0,0,0,0,0,0,0,0,0,0,0,0,0
oil and gas extraction 06,0,0,0,0,4.748633261321259e-6,3.7389770840249447e-6,0,1.6997270099114494e-4,5.5237685161192606e-5,0.7076260034160874,0.002971706264484329,0.0019811375096562196,0,7.791406777292969e-7,2.3374220331878906e-6,0.028717848597371854,1.0643711164012628e-6,0,0,0,0,4.08616017730002e-7,0,0,0.10676574363010861,0.029657671387746692,0.011969097186195125,0,3.473200524474665e-4,0.0010221496168594329,1.0706632934086102e-5,0.00105425044635555,2.4309601670264802e-5,1.0771379154377819e-4,0,4.586531502388528e-4,9.523397082669887e-5,0.09535862809908076,0.010807333172803107,6.177803641460171e-6,7.800281236055965e-4,0
other mining and quarrying 07T08,0.03469395630106233,0,0,0.10514823545766594,5.0428688573722914e-5,0.03438921361726211,3.734155367859164e-4,2.670692734219744e-4,0.01539180589624214,0.00357433676373127,0.012942454013711092,0.008628302675807395,0.0014430361304358247,0.04982275229370751,0.14946825688112253,0.008759211774213255,0.020099696034905974,0.0056410208590016485,2.069906778335477e-4,0.001894149107377014,0.002499505816083851,2.6186147267595475e-4,5.893249199119349e-4,0.002096790351957522,0.06761087078592053,0.01878079744053348,0.008583756415765661,0.1860848216784654,3.7699446494811393e-4,6.002271054950334e-4,0.018583579142770968,6.837405167329576e-4,0.0013835141115667508,0.0038218763452207297,0,8.030525676028701e-5,0.02857133851230957,0.15755102157601,0.012781152281033553,0.004793389524575526,0.03147080029840096,0
food beverage and tobacco 10T12,0.07903762141861914,0,0,0,0,0.4725772510704544,6.456203371511629e-4,7.439704999207824e-5,8.902876815581792e-4,7.364524615049337e-5,0.0012858065182717762,8.572043455145175e-4,3.1892847123903245e-4,2.755195924621303e-4,8.265587773863909e-4,3.4700940157202783e-6,1.1231946738347636e-6,0,0,0,0,0,0,1.0405303382024873e-5,0,0,0,0,0.015886971608545415,5.860308538001409e-4,0.18485523680651725,4.511241804348162e-5,0,1.1895148820077644e-4,0,0,0.0065900760276757725,0.12258342768095427,0.019996727367045972,0.0782595175207744,0.014200109127571749,0
textiles apparel and leather 13T15,0.003912155234118483,0,0,2.6756267898259765e-5,0,0.004641890237300243,0.14075851534345882,0.009603704327806857,0.06829040815039748,3.165112776141521e-5,2.1361183420843886e-6,1.4240788947229258e-6,0.03018608600891764,8.67788397433367e-4,0.0026033651923001015,1.2844890558742904e-6,0,1.7458968506681473e-6,6.630767557326523e-6,0,0.004291161050305396,0.007723661248073036,0.0045767291453400845,0.06300509529687033,0,8.333813118322678e-8,0.005746291637236345,0.010141451499493484,0.10759434023414484,3.6880357288616354e-4,0.155963548398118,0.004584234847912835,0.008587747016185978,4.075689078813297e-6,0,4.183644548800113e-4,0.010679168427542251,0.13667432688830844,0.0032489164318213366,0.16601258217632786,0.049443877009250285,0
wood products 16,0.006885633303030147,0,0,0.0010823503417661381,4.471503984487531e-5,0.004192833971545754,3.7513507594315955e-4,0.41128687623305593,0.022773020335272273,0,2.4231461092335518e-4,1.6154307394890347e-4,0.011401071693866513,3.859360344495407e-4,0.0011578081033486222,1.735228737530174e-4,4.0488670542370727e-4,0.001098336412126708,0.0025254384498104095,0.004175485903736033,0.008838500662221478,0.0038149226471095154,6.518511930784458e-4,0.07680868112507025,2.5527715972582075e-5,7.388911945252339e-6,3.6496476440414074e-4,0.2487020019144167,0.05135861507349857,0.0058917757277010315,0.03473119992758458,8.944436648309178e-4,0.0017822714094289486,0.0032594951609366696,0.0011768882830382093,0.03127002875694872,0.011965981846468526,0.0270670702995275,6.12240532280217e-4,0.017977082812270326,0.004432159409422398,0
pulp paper and printing 17T18,0.0037578234588999046,0,0,6.343723316191637e-4,6.466077422625927e-6,0.14570512581608377,9.795026558158198e-4,0.007695672295169932,0.16914214076589174,1.0662129285827145e-4,0.0029570788359561053,0.0019713858906374036,0.012498694390753715,0.0017296356791335701,0.0051889070374007105,2.896247345805165e-4,6.656947542743068e-4,0.005083387018736088,0.003036232832165894,0.004284912735573374,0.008981730046685048,0.0028027797141573565,6.986927137302261e-4,0.012359048195150745,1.042648322693198e-4,3.0002978690491623e-5,0.002036685574209418,0.008251671036920042,0.12175617536830688,0.012076936287464809,0.08166803173923748,0.01853347738199271,0.0012887388059715692,0.01195279459295989,0.035365282207441985,0.0025132159595827245,0.07062877302785188,0.1286468001386361,0.01004137051302746,0.08859301141005134,0.01593723887268963,0
refined petroleum and coke 19,0.07937907557827427,0,0,0.014257017423951076,1.6757895908241064e-4,0.010282097236688964,1.9763058654686204e-4,0.006590592416878574,0.008119661816824978,0.0058081138650466855,0.0072485967601721,0.004832397840114733,0.0017081027121846053,5.563556418221507e-4,0.001669066925466452,4.716449092797327e-4,5.505168989132904e-4,0.00601334322250463,8.946014576909542e-4,0.0014191055017486588,0.005644450394470311,1.989725559073697e-4,2.8134383459947165e-4,0.0022156206798887223,0.07169516006992029,0.019917230610449168,0.015164746000868892,0.06614752209643512,0.023056628528758893,0.10497316139018614,0.02406767582236698,0.0011204423346172303,5.801877366893501e-4,0.003132984891403241,0.009824011064325342,0.00723637586860703,0.017787912840020948,0.4405147009589821,0.009177032088485073,0.01597150383438914,0.011126836645437996,0
chemicals 20,0.10002642052558003,0,0,0.004841988546311373,1.1300755442585329e-4,0.03415584955959865,0.018238539920457052,0.01501357363460296,0.021127026554817133,0.005980031492471428,0.08078352444409877,0.05385568296273252,0.12470082374875703,0.002983468149649739,0.008950404448949218,4.407336485079418e-4,4.6211122305522893e-4,0.010601933219154834,0.007475661676118918,0.005163931657494257,0.007220018755139037,0.004078997003409955,0.0010870563258285892,0.019457790329031176,0.0017479022536162957,4.8556117059393803e-4,0.006825081871140478,0.022669724362605323,0.00656276271501005,0.0012407467876644237,0.00488262640081468,9.364574312606237e-4,8.517009175429082e-4,0.001319206621285228,3.3574726173414175e-4,0.021541368172495592,0.09795261672800569,0.11423151664329069,0.0037500673020169004,0.1715876018376002,0.01632073614313112,0
rubber and plastic products 22,0.016203180988532684,0,0,0.008402756054620618,1.4119574316740315e-4,0.13436722391264297,0.0018089254855568366,0.012344200544605196,0.020743670289201686,2.3403568841077509e-4,0.006094816040746486,0.004063210693830991,0.06759623949027554,0.0016136833608854594,0.004841050082656379,1.762751744843959e-4,3.891471924455045e-4,0.0084917401355077,0.01776004597285455,0.009764926544316134,0.06761042633302836,0.01855797205766406,0.005549328831812586,0.03621063175901953,9.674544229477356e-5,2.9997509980055592e-5,0.002793152653300614,0.10912036762071294,0.10975407728868475,0.010059232723952696,0.03385764287860126,0.003274836063697533,0.007011562237795838,0.009204728896166622,0.005926452777341149,0.002066470761599546,0.039079652756683535,0.09911997364041723,0.007257626610332576,0.10134303716854463,0.01703976059362838,0
glass and glass products 231,6.095748242387492e-4,0,0,0.0034497547333570194,1.7526353150871656e-4,0.055124205071118086,1.8020394756145403e-4,0.01746857638345527,0.0024728510933453027,0.0010992515261023187,0.001629935220427772,0.0010866234802851815,0.013319013755368335,0.03948320419339001,0.11844961258017005,0.0011955511146844358,0.0026855278119515317,0.011711885820196088,0.004097643394432238,0.01595495661089533,0.02298439648744908,0.009940733959486572,0.0012749173228135374,0.011397322633884904,3.3274061402418094e-4,9.242794834005028e-5,0.004470629648270682,0.41587998666178644,0.012390592055045455,0.001556790232667373,0.027913762140240977,0.002944425360968559,0.008802275608555956,0.0036129522032046545,7.315362311072344e-4,0.0011133058682282256,0.04098034285372349,0.047927871323584205,0.0017225439311654167,0.07991627131437223,0.013820540508592799,0
cement and other nonmetallic minerals 239,6.095748242387493e-4,0,0,0.0034497547333570194,1.7526353150871656e-4,0.055124205071118086,1.8020394756145403e-4,0.01746857638345527,0.0024728510933453023,0.0010992515261023187,0.0016299352204277723,0.0010866234802851815,0.013319013755368335,0.03948320419339001,0.11844961258017005,0.0011955511146844358,0.0026855278119515317,0.011711885820196088,0.004097643394432238,0.015954956610895334,0.02298439648744908,0.009940733959486572,0.0012749173228135374,0.011397322633884906,3.327406140241809e-4,9.242794834005025e-5,0.004470629648270682,0.41587998666178644,0.012390592055045457,0.001556790232667373,0.027913762140240977,0.0029444253609685585,0.008802275608555956,0.003612952203204655,7.315362311072344e-4,0.0011133058682282256,0.0409803428537235,0.047927871323584205,0.0017225439311654167,0.07991627131437222,0.013820540508592799,0
iron and steel 241,0.013330840040211454,0,0,0.0042648161648612916,1.0745478141147926e-4,0.01739794014881956,1.4726959151906155e-4,0.004015401662650122,0.004667550739935273,8.596680098169239e-4,0.001115221075379502,7.43480716919668e-4,0.005337115619320423,0.0020912073848971344,0.006273622154691404,0.03227394776651742,0.07522447355486737,0.21236159050453376,0.04658871898544731,0.07687023091458148,0.1940046398359939,0.02965214115286096,0.014350238111577308,0.05112584254930133,0.010502652298961582,0.002917682915941547,0.004724201239794165,0.03314707503329666,0.01171235817194947,0.015954241060566025,0.004806122348775116,4.175017647706567e-4,6.227720210970689e-4,0.0019795345676519257,0.0014388239819987248,0.010864270037701112,0.014729025971559919,0.07281495478618838,0.003866031757487933,0.007141415908592011,0.009557924667553577,0
other metals 242,0.001997546658938799,0,0,0.002550242755421383,9.713800399416671e-5,0.018618955891651183,1.386280899411132e-4,0.0035735216927667087,0.0040751989942692515,1.0558443122412503e-5,6.278802418527243e-5,4.185868279018163e-5,0.005959822155323091,0.0023545743766012817,0.007063723129803846,0.03773094181859095,0.08803786443242764,0.24776912571129828,0.054429425637511866,0.08981697708099559,0.22632558332376743,0.03470604453117295,0.01676433600673168,0.059518404277460545,2.5588800477862777e-6,7.108000132739662e-7,0.0029326960485710125,0.027484490026553038,0.009765781657031007,6.793812197105108e-4,0.0015010100362821332,2.968833766673269e-4,6.300791078752783e-4,0.0017816126880846191,0,0.011486784608144967,0.01420414802413295,0.009720928645335268,0.0029547110475722327,0.005626250874579545,0.009288713240633479,0
metal products except machinery and vehicles 25,0.0153290275003663,0,0,0.003830448709000354,8.329119660063539e-5,0.08452360977611059,0.0012163166746555034,0.022575278908638592,0.01651027860078266,4.090176078648994e-4,0.0042360710167011805,0.0028240473444674534,0.01955269962810327,0.0018539452679623356,0.005561835803887007,8.23432379967653e-4,0.0018826111040913228,0.0915743453255391,0.0318828470732416,0.0292412616902387,0.11527371056221897,0.015136630073811606,0.016805662745436385,0.03221770772413349,0.0029981579388424846,8.497420455394215e-4,0.018336091122289455,0.22849699483343844,0.020603680932061493,0.011561204697676658,0.034586973100836416,0.006275448806648589,0.014622072553931886,0.011489393653689173,0.001303130518799825,0.0055938065587770635,0.027829539040295496,0.05061633908479364,0.0033761229913344703,0.028078997095028813,0.020038228312197145,0
computers and electronics 26,1.0019726184737605e-4,0,0,2.149543802270007e-4,2.7559385986165283e-5,0.021456988601856762,6.960773326963749e-4,0.008851455712951668,0.0012094882664444792,1.5446232705029105e-4,0.0023087496822816545,0.0015391664548544365,0.005138204725051069,5.801618625416605e-4,0.0017404855876249814,2.2120849256672035e-4,5.015266438472419e-4,0.015903871592487257,0.22971677291698697,0.007286380586325959,0.03216705455104286,0.01692084204449107,0.024124537879399957,0.0088178899143927,2.680965219757956e-4,7.478133229133406e-5,0.008470539152685742,0.02699526043723703,0.20847198512941287,0.0022288696161755516,0.006455051484504426,0.0215768475146531,0.03443536487964651,0.04693983287357922,0.014345270287379043,0.0026231188584610013,0.102571309486196,0.06056714213609058,0.007301144096611072,0.05384471279060635,0.023152637199539704,0
appliances and electrical equipment 27,0.04709830855519183,0,0,7.470858229332895e-4,1.4263675704373027e-4,0.027857065810191668,3.57825806883948e-4,0.009323005767251548,0.0048434470108829515,1.711643449384131e-4,0.0011505946054265275,7.670630702843517e-4,0.006722849713883966,3.306021844677872e-4,9.918065534033616e-4,7.447543276800909e-4,0.001721552027795971,0.01822784857918414,0.03484706271574368,0.08687779107267364,0.17263463809931998,0.007890167317644433,0.005073319406109647,0.008522372266279811,1.3473982584191445e-4,3.756700022159487e-5,0.018107987780471287,0.22686496405789536,0.018256489816995316,0.002508888631604126,0.036191810619098826,0.004107845936901206,0.01227951925096974,0.027545137843803833,0.0016120352173167008,0.011410998657246088,0.05612183666148083,0.07252957222170194,0.007692032522126654,0.035627264260898406,0.03192834788021149,0
other machinery 28,0.03680091123867142,0,0,0.02607356714285753,7.414145277374181e-4,0.04560981202949598,1.1012457536089054e-4,0.005638817703894226,0.015012334718297203,3.765244301332798e-5,0.0035006510307460546,0.002333767353830703,0.008296023438345432,2.280362300185175e-4,6.841086900555525e-4,2.6981210695964597e-4,6.259961590617064e-4,0.020970317595106317,0.0044276278428787555,0.014166437741391865,0.29596735166584365,0.03594203389005481,0.008070981342387918,0.00572707705127518,0.010117530150190282,0.0028122596566187773,0.05542163731673765,0.13330569393541955,0.021167185346162375,0.03564416031358783,0.004608790434272138,9.502232488290403e-4,0.002085412358005041,0.018616370112639714,0.0057618258927221895,3.387563538465354e-4,0.04255520658546867,0.05685378124043792,0.022442025167834806,0.016374779881272238,0.03970950548867114,0
road vehicles 29,0.01521090428979319,0,0,0.005292693839547485,9.290599425865821e-5,0.05812034528803182,2.937578461182231e-4,0.028419664043383853,0.007973520821160117,1.1602358517091372e-4,0.0013937974193341085,9.291982795560724e-4,0.003843372642777797,0.001114998251789716,0.0033449947553691483,3.159722704131293e-4,7.262820063536114e-4,0.007253097160257389,0.010924413119980507,0.0051581757715073034,0.10026865165625377,0.1640381359588265,0.0071625526132198785,0.009883486847347047,2.087799316602608e-4,5.803966521631989e-5,0.013220503816188731,0.010166987384329852,0.14808324411451804,0.0405376188624164,0.013033742869055986,0.0019394484089064515,0.0028341940918847953,0.0014179720475192726,6.979730081494195e-4,0,0.08850999845041176,0.10821402291296545,0.007659638710467621,0.05581414543026117,0.07572674583559821,0
nonroad vehicles 30,6.363726282928545e-5,0,0,1.28294337650903e-4,0,0,0,1.5547709364075848e-4,0,0,0,0,0,0,0,0,0,3.74058529452303e-4,0,0,0.0016350237756872772,7.064090268855256e-4,0.7286032738546704,0,0,0,8.563091113143522e-4,2.0768262745801325e-4,8.429870927981095e-4,0.04252381920502734,0,2.153238343433676e-6,6.459715030301028e-6,0,0,0,0.007937316962322178,0.21326176939843122,0,0,0.002695328768458687,0
other manufacturing 31T33,8.15179803027613e-4,0,0,2.8425714385654484e-4,4.8362950857089865e-6,3.388296792109196e-4,0.0017187563157011947,0.008943516536274385,2.1164674416141232e-5,4.706874846501902e-7,3.7447703987543776e-4,2.496513599169585e-4,0.002274452512837646,1.1367363277643902e-4,3.4102089832931706e-4,6.130319276328102e-6,1.4259507488223948e-5,2.938867005210089e-4,5.314484673016344e-4,0.0041295917213808155,0.02529223658994348,0.003233514004097511,7.600406932359362e-4,0.09027083618219477,0,9.860999784185074e-9,0.001796761170738936,0.10043063223342023,0.058074638044059566,0.001119215669343245,0.013340181473699498,1.9907111364204233e-4,5.276527043915618e-4,0.0012848143441898125,5.092700669084984e-4,0.035444198866573275,0.03234811595947086,0.07860482562829867,0.005668901382237857,0.5052849457621931,0.025354534955600368,0
energy pipelines and gas processing 352T353,0.04290162596287291,0,0,0.01145999413589513,4.5659079778007e-5,0.035025472304874544,0.0016026536205391774,0.00921917428970148,0.013414227015056387,0.011107887410812003,0.004719284639681086,0.003146189759787391,0.009532667977397,0.003128189548414533,0.0093845686452436,0.0012288633709074345,0.0018155083707744137,0.008675341592529947,0.005356937029993586,0.0020414223517034725,0.008453475392434441,0.0013177969913383287,0.0030467084946662246,0.0042333982177083585,0.09733773700181297,0.027051712731056336,0.01625623905834106,0.019127203033584596,0.15678144114212547,0.01932745467471491,0.10530175780788423,0.003341379148835821,0.00498963646922722,0.005574437179579032,0.012090728975726042,0.054273780213980494,0.027419475795351075,0.13717110039741878,0.02903165795993858,0.06370757266631892,0.030359639541995085,0
water and waste 36T39,0.04341221006036439,0,0,0.011908910650945742,4.284373058550682e-5,0.038092785464437694,0.001703774222962212,0.009809342393255913,0.014434477829312583,0.0012681220860808688,0.0048232837419811955,0.0032155224946541308,0.010330482246067757,0.0034093996932630455,0.010228199079789137,8.961999706636976e-4,0.001971050944555885,0.00940471320849979,0.005777859522232658,0.0021661004476131833,0.009206119571314796,0.0014202975825193804,0.003293428570687714,0.004451180673307634,0.06618153310553607,0.018398269425490603,0.0236992056033096,0.018946684060657765,0.17034603132468615,0.017399983511662893,0.11485309819642397,0.0035746847786562283,0.00538235630375882,0.005862012867446474,0.012812565865126772,0.06280809443499501,0.03002172193174284,0.12158679048471736,0.031084708590425066,0.07256429187598012,0.03321166345428936,0
construction 41T43,0.009610183072160872,0,0,0.01300407596398715,2.0023979872833925e-4,0.011170708036619814,3.0899439606734997e-4,0.002375533842743929,0.0039253258223490945,0.0023130730402167493,9.628854328649071e-4,6.419236219099381e-4,0.00222797810049611,0.0010045656341365475,0.0030136969024096424,3.2630302938856885e-4,5.423418448552654e-4,0.0035822008677453853,0.0026675309695071694,6.184753172128403e-4,0.004357137393450068,4.930595675855885e-4,6.5026435845389e-4,0.0016901368882258827,0.016847633770698086,0.004692047473421867,0.00261000533543556,7.544565714002453e-4,0.04533683438763628,0.00972687583712894,0.044298484600261846,0.0012944708106403075,0.002738894447006398,0.0014743937191644466,0.016883466002835305,0.4091858871581453,0.012498304218466292,0.31731724588090193,0.01470447315339252,0.017143954342101655,0.016805938390247882,0
