Pollutant:,CO,Unit: grams,,,,,,,,,,,,,,,,,,,,,,,,,,,,,,,,,,
,2015.0,2016.0,2017.0,2018.0,2019.0,2020.0,2021.0,2022.0,2023.0,2024.0,2025.0,2026.0,2027.0,2028.0,2029.0,2030.0,2031.0,2032.0,2033.0,2034.0,2035.0,2036.0,2037.0,2038.0,2039.0,2040.0,2041.0,2042.0,2043.0,2044.0,2045.0,2046.0,2047.0,2048.0,2049.0,2050.0
agriculture and forestry 01T03,0.0,0.0,0.0,0.0,0.0,5232.414369256475,5268.504594820384,5304.5948203842945,5609.4488188976375,5727.806737411771,5788.150619856955,5835.260860436195,5881.390839619809,5922.712416163771,5968.675387557346,6013.391142691739,6002.587358430153,6006.399074797798,5980.839702110466,5969.53141114063,5957.088056492524,5952.184282192716,5945.162030267345,5945.448906825978,5945.570618784772,5945.397180332065,5943.142181721626,5951.487556038005,5957.470740182413,5966.345654394502,5982.302061956818,6033.264750876358,6084.861279705841,6138.261133192178,6184.140190460894,6231.43897373958
coal mining 05,0.0,0.0,0.0,0.0,0.0,0.0,0.0,0.0,0.0,0.0,0.0,0.0,0.0,0.0,0.0,0.0,0.0,0.0,0.0,0.0,0.0,0.0,0.0,0.0,0.0,0.0,0.0,0.0,0.0,0.0,0.0,0.0,0.0,0.0,0.0,0.0
oil and gas extraction 06,0.0,0.0,0.0,0.0,0.0,0.0,0.0,0.0,0.0,0.0,0.0,0.0,0.0,0.0,0.0,0.0,0.0,0.0,0.0,0.0,0.0,0.0,0.0,0.0,0.0,0.0,0.0,0.0,0.0,0.0,0.0,0.0,0.0,0.0,0.0,0.0
other mining and quarrying 07T08,0.0,0.0,0.0,0.0,0.0,0.0,0.0,0.0,0.0,0.0,0.0,0.0,0.0,0.0,0.0,0.0,0.0,0.0,0.0,0.0,0.0,0.0,0.0,0.0,0.0,0.0,0.0,0.0,0.0,0.0,0.0,0.0,0.0,0.0,0.0,0.0
food beverage and tobacco 10T12,0.0,0.0,0.0,0.0,0.0,0.0,0.0,0.0,0.0,0.0,0.0,0.0,0.0,0.0,0.0,0.0,0.0,0.0,0.0,0.0,0.0,0.0,0.0,0.0,0.0,0.0,0.0,0.0,0.0,0.0,0.0,0.0,0.0,0.0,0.0,0.0
textiles apparel and leather 13T15,0.0,0.0,0.0,0.0,0.0,0.0,0.0,0.0,0.0,0.0,0.0,0.0,0.0,0.0,0.0,0.0,0.0,0.0,0.0,0.0,0.0,0.0,0.0,0.0,0.0,0.0,0.0,0.0,0.0,0.0,0.0,0.0,0.0,0.0,0.0,0.0
wood products 16,0.0,0.0,0.0,0.0,0.0,0.0,0.0,0.0,0.0,0.0,0.0,0.0,0.0,0.0,0.0,0.0,0.0,0.0,0.0,0.0,0.0,0.0,0.0,0.0,0.0,0.0,0.0,0.0,0.0,0.0,0.0,0.0,0.0,0.0,0.0,0.0
pulp paper and printing 17T18,0.0,0.0,0.0,0.0,0.0,54881010.25097207,55671067.86850477,58982533.515087,61120756.40709287,60504573.2282542,60453745.445692815,60687568.21523666,60639429.439258926,60892226.50242923,61307448.930048436,61623716.85508815,62237741.047566585,62831821.37654945,63190812.32740005,63646765.46923457,64088514.0367568,64215063.62225737,64460674.943484984,65080222.39526473,65114671.58263026,65710653.67909593,66541246.33652264,67176376.3864014,67651680.14757873,67908113.30276926,68125104.46991202,68359940.89202252,68349092.70339808,68449165.44948812,68637540.87731023,68862425.22637716
refined petroleum and coke 19,0.0,0.0,0.0,0.0,0.0,1282893.9705225548,1286523.0906654757,1290497.1018539201,1193732.02606906,1561896.1542631781,1641452.97892244,1734355.651747911,1805989.1562235681,1794180.6883385559,1756489.7265649298,1746513.2287173416,1721883.082519159,1765764.020785201,1775776.2762271445,1772834.1567464005,1804124.1772248028,1807125.785446549,1828075.5781712118,1807950.9725683734,1809323.0043581065,1812483.4668954324,1794360.9703127365,1810712.2398339484,1803237.9378795614,1815182.9599643934,1820869.727174926,1954633.8572231613,1953651.1534717495,1870432.1407473558,1819556.360127944,1838013.2932695637
chemicals 20,0.0,0.0,0.0,0.0,0.0,6982779.441843716,5567958.834320679,5241019.982487155,5702313.361394323,6291776.560608554,5673407.888887945,5246554.892391227,5435777.315973488,5649361.297566042,5862819.580312609,6057599.671617943,6197942.860932661,6334534.8677311465,6524155.358262483,6678135.397843392,6812561.8067850135,6994505.145222089,7167735.494194545,7308332.8594265925,7408177.715672602,7525707.519439532,7651336.128978319,7893513.803168626,8136289.631589264,8322480.9726185035,8532192.130181724,8629579.3033817,8669343.976811562,8705946.881314322,8839625.543578144,9011613.667767696
rubber and plastic products 22,0.0,0.0,0.0,0.0,0.0,0.0,0.0,0.0,0.0,0.0,0.0,0.0,0.0,0.0,0.0,0.0,0.0,0.0,0.0,0.0,0.0,0.0,0.0,0.0,0.0,0.0,0.0,0.0,0.0,0.0,0.0,0.0,0.0,0.0,0.0,0.0
glass and glass products 231,0.0,0.0,0.0,0.0,0.0,0.0,0.0,0.0,0.0,0.0,0.0,0.0,0.0,0.0,0.0,0.0,0.0,0.0,0.0,0.0,0.0,0.0,0.0,0.0,0.0,0.0,0.0,0.0,0.0,0.0,0.0,0.0,0.0,0.0,0.0,0.0
cement and other nonmetallic minerals 239,0.0,0.0,0.0,0.0,0.0,355423341.084429,371938199.2828426,354647125.0,369695293.9782823,420615986.0292646,382807302.5737307,354391214.0677416,336794501.1409978,322432911.77031875,318110180.6986204,313196459.679697,308815067.42299634,304880429.5850485,252932708.81661138,243268429.02975646,232517472.2567955,222264533.4706908,215886884.76602384,210483016.48000968,201750261.272388,196118891.72425017,190016239.5564745,184742607.6143005,180791677.98769808,177864311.24466562,173271228.2761519,170324220.52102086,167679887.8354878,164866400.95661303,162876313.01390406,161388675.1325347
iron and steel 241,0.0,0.0,0.0,0.0,0.0,25718427.305789933,26015636.08088449,30687225.191720393,29871384.452817827,28957485.42771651,27023517.448083557,24311386.663814414,23299240.37546975,23622708.584266637,23699531.519563965,23426208.09476271,22920601.314786863,22068967.196461003,22069374.38255024,22444705.204927336,22547677.360928945,22784863.966554932,23035991.026946623,23251795.654087376,23530617.523540977,23731007.484998733,23800083.856186148,24036410.56877258,24479162.62095726,24735498.617958292,24813142.890720192,24740366.385374043,24449751.44705734,24114730.94421227,24128481.94835652,24354453.10064377
other metals 242,0.0,0.0,0.0,0.0,0.0,13058731.791600212,13456535.15151515,13644900.015706807,14821527.58351893,15316942.787428368,15146955.385418054,15079374.014484199,15408394.484420793,15967988.997508433,16427812.349756196,16815018.106984895,17037622.70437591,17072363.31810523,17063573.588047117,17105713.997880176,17210425.668247066,17372695.377907008,17548025.355973624,17684790.29348164,17786134.527278166,17962053.11850418,18096922.826020874,18202286.56988131,18373741.664559685,18554980.92955042,18645901.55869621,18676367.53119686,18699259.295919467,18744146.485795617,18791456.32399729,18787074.823489062
metal products except machinery and vehicles 25,0.0,0.0,0.0,0.0,0.0,0.0,0.0,0.0,0.0,0.0,0.0,0.0,0.0,0.0,0.0,0.0,0.0,0.0,0.0,0.0,0.0,0.0,0.0,0.0,0.0,0.0,0.0,0.0,0.0,0.0,0.0,0.0,0.0,0.0,0.0,0.0
computers and electronics 26,0.0,0.0,0.0,0.0,0.0,0.0,0.0,0.0,0.0,0.0,0.0,0.0,0.0,0.0,0.0,0.0,0.0,0.0,0.0,0.0,0.0,0.0,0.0,0.0,0.0,0.0,0.0,0.0,0.0,0.0,0.0,0.0,0.0,0.0,0.0,0.0
appliances and electrical equipment 27,0.0,0.0,0.0,0.0,0.0,0.0,0.0,0.0,0.0,0.0,0.0,0.0,0.0,0.0,0.0,0.0,0.0,0.0,0.0,0.0,0.0,0.0,0.0,0.0,0.0,0.0,0.0,0.0,0.0,0.0,0.0,0.0,0.0,0.0,0.0,0.0
other machinery 28,0.0,0.0,0.0,0.0,0.0,0.0,0.0,0.0,0.0,0.0,0.0,0.0,0.0,0.0,0.0,0.0,0.0,0.0,0.0,0.0,0.0,0.0,0.0,0.0,0.0,0.0,0.0,0.0,0.0,0.0,0.0,0.0,0.0,0.0,0.0,0.0
road vehicles 29,0.0,0.0,0.0,0.0,0.0,0.0,0.0,0.0,0.0,0.0,0.0,0.0,0.0,0.0,0.0,0.0,0.0,0.0,0.0,0.0,0.0,0.0,0.0,0.0,0.0,0.0,0.0,0.0,0.0,0.0,0.0,0.0,0.0,0.0,0.0,0.0
nonroad vehicles 30,0.0,0.0,0.0,0.0,0.0,0.0,0.0,0.0,0.0,0.0,0.0,0.0,0.0,0.0,0.0,0.0,0.0,0.0,0.0,0.0,0.0,0.0,0.0,0.0,0.0,0.0,0.0,0.0,0.0,0.0,0.0,0.0,0.0,0.0,0.0,0.0
other manufacturing 31T33,0.0,0.0,0.0,0.0,0.0,72134527.0321361,72740495.84120983,79089610.23981686,85992211.67059347,84592288.84384486,82301814.86144854,81135870.09857714,80968342.3167682,81260856.91969506,82477775.8688823,83971365.58396316,85421521.88712697,87874425.27362141,89974107.99553101,92150134.23662825,94003429.27554888,95116826.47588389,96547405.77114578,98644038.5814266,99928242.63811615,101862253.72130413,103744166.90849108,105342720.43519032,106604030.77889888,107847776.57147016,109282741.8542492,111771156.94037458,113326128.26744612,114672819.33157313,116155639.86089037,117675983.4371218
energy pipelines and gas processing 352T353,0.0,0.0,0.0,0.0,0.0,137945.66253574833,137418.96091515728,158551.37462736006,173370.79975579973,199103.22640621918,202792.8127286807,203945.50364263656,217305.0558070702,234093.99809554874,236719.72808589746,240511.1500308289,237722.68366961853,232784.25252161734,224433.2497069917,218841.18937923934,216561.2894363723,216340.15471490996,216525.83281161523,213856.31882254462,214832.7848769223,213788.77991867063,211599.27343347747,211398.4948327101,212593.86344298182,213627.72847340276,214791.48041957643,215514.48929831354,214081.52599443047,213191.89025481226,214249.4821974142,216639.04715210144
water and waste 36T39,0.0,0.0,0.0,0.0,0.0,0.0,0.0,0.0,0.0,0.0,0.0,0.0,0.0,0.0,0.0,0.0,0.0,0.0,0.0,0.0,0.0,0.0,0.0,0.0,0.0,0.0,0.0,0.0,0.0,0.0,0.0,0.0,0.0,0.0,0.0,0.0
construction 41T43,0.0,0.0,0.0,0.0,0.0,0.0,0.0,0.0,0.0,0.0,0.0,0.0,0.0,0.0,0.0,0.0,0.0,0.0,0.0,0.0,0.0,0.0,0.0,0.0,0.0,0.0,0.0,0.0,0.0,0.0,0.0,0.0,0.0,0.0,0.0,0.0
