Pollutant:,PM25,Unit: grams,,,,,,,,,,,,,,,,,,,,,,,,,,,,,,,,,,
,2015.0,2016.0,2017.0,2018.0,2019.0,2020.0,2021.0,2022.0,2023.0,2024.0,2025.0,2026.0,2027.0,2028.0,2029.0,2030.0,2031.0,2032.0,2033.0,2034.0,2035.0,2036.0,2037.0,2038.0,2039.0,2040.0,2041.0,2042.0,2043.0,2044.0,2045.0,2046.0,2047.0,2048.0,2049.0,2050.0
agriculture and forestry 01T03,0.0,0.0,0.0,0.0,0.0,49707.93650793651,50050.79365079365,50393.6507936508,53289.76377952756,54414.16400541181,54987.43088864108,55434.97817414386,55873.21297638819,56265.76795355582,56702.416181794804,57127.21585557152,57024.579905086444,57060.79121057908,56817.97717004942,56710.54840583597,56592.33653667898,56545.7506808308,56479.039287539774,56481.76461484679,56482.92087845532,56481.27321315463,56459.85072635545,56539.131782361044,56595.97203173291,56680.28371674776,56831.86958858976,57316.015133325396,57806.18215720549,58313.480765325694,58749.33180937849,59198.670250526025
coal mining 05,0.0,0.0,0.0,0.0,0.0,0.0,0.0,0.0,0.0,0.0,0.0,0.0,0.0,0.0,0.0,0.0,0.0,0.0,0.0,0.0,0.0,0.0,0.0,0.0,0.0,0.0,0.0,0.0,0.0,0.0,0.0,0.0,0.0,0.0,0.0,0.0
oil and gas extraction 06,0.0,0.0,0.0,0.0,0.0,0.0,0.0,0.0,0.0,0.0,0.0,0.0,0.0,0.0,0.0,0.0,0.0,0.0,0.0,0.0,0.0,0.0,0.0,0.0,0.0,0.0,0.0,0.0,0.0,0.0,0.0,0.0,0.0,0.0,0.0,0.0
other mining and quarrying 07T08,0.0,0.0,0.0,0.0,0.0,0.0,0.0,0.0,0.0,0.0,0.0,0.0,0.0,0.0,0.0,0.0,0.0,0.0,0.0,0.0,0.0,0.0,0.0,0.0,0.0,0.0,0.0,0.0,0.0,0.0,0.0,0.0,0.0,0.0,0.0,0.0
food beverage and tobacco 10T12,0.0,0.0,0.0,0.0,0.0,0.0,0.0,0.0,0.0,0.0,0.0,0.0,0.0,0.0,0.0,0.0,0.0,0.0,0.0,0.0,0.0,0.0,0.0,0.0,0.0,0.0,0.0,0.0,0.0,0.0,0.0,0.0,0.0,0.0,0.0,0.0
textiles apparel and leather 13T15,0.0,0.0,0.0,0.0,0.0,0.0,0.0,0.0,0.0,0.0,0.0,0.0,0.0,0.0,0.0,0.0,0.0,0.0,0.0,0.0,0.0,0.0,0.0,0.0,0.0,0.0,0.0,0.0,0.0,0.0,0.0,0.0,0.0,0.0,0.0,0.0
wood products 16,0.0,0.0,0.0,0.0,0.0,0.0,0.0,0.0,0.0,0.0,0.0,0.0,0.0,0.0,0.0,0.0,0.0,0.0,0.0,0.0,0.0,0.0,0.0,0.0,0.0,0.0,0.0,0.0,0.0,0.0,0.0,0.0,0.0,0.0,0.0,0.0
pulp paper and printing 17T18,0.0,0.0,0.0,0.0,0.0,18451669.84800283,18717296.924708378,19830652.35574577,20549549.15965501,20342380.805249166,20325291.88034345,20403905.967927456,20387721.120069038,20472714.598265454,20612317.479350902,20718650.64103395,20925093.117702797,21124830.222458273,21245527.390262295,21398824.43783516,21547345.733024035,21589893.258304268,21672470.801784232,21880770.266082246,21892352.506075535,22092729.008421537,22371984.46350386,22585522.98871169,22745325.952225897,22831541.929228116,22904497.02531221,22983451.91534163,22979804.62105838,23013450.307666402,23076784.44065257,23152393.321465623
refined petroleum and coke 19,0.0,0.0,0.0,0.0,0.0,356967.1103171059,357976.9182670835,359082.69265132904,332157.66979190486,434599.8731100318,456736.67510392814,482586.97873091925,502519.1053774785,499233.38204021123,488745.81719186815,485969.84217790194,479116.4682303483,491326.4030267928,494112.3276433155,493293.6786252513,502000.1722627485,502835.37410938635,508664.6843583222,503064.9836243712,503446.7534623294,504326.15675296565,499283.54576133273,503833.31025093084,501753.57487793796,505077.29461960896,506659.6458542659,543879.7092925173,543606.2705466041,520450.45940535347,506294.1995661705,511429.8680159929
chemicals 20,0.0,0.0,0.0,0.0,0.0,1207083.788260713,1126650.2203796562,1066604.1811937615,1159829.0210007709,1263370.7000929713,1154772.1484716348,1078501.3777149327,1109802.6829042735,1145970.1500184035,1182934.8087854167,1217756.9726036813,1242844.553307234,1267914.4964291828,1300247.8217157049,1326076.113042416,1349201.2222427581,1380024.5170633148,1409629.770288335,1434060.936172422,1450479.0897635412,1470930.982079348,1493365.4221828477,1536530.2370097665,1578506.4965360593,1610693.2731807926,1646472.0043223847,1663903.8290557067,1669699.5956284008,1675647.2787615424,1699395.933314779,1729678.116365642
rubber and plastic products 22,0.0,0.0,0.0,0.0,0.0,0.0,0.0,0.0,0.0,0.0,0.0,0.0,0.0,0.0,0.0,0.0,0.0,0.0,0.0,0.0,0.0,0.0,0.0,0.0,0.0,0.0,0.0,0.0,0.0,0.0,0.0,0.0,0.0,0.0,0.0,0.0
glass and glass products 231,0.0,0.0,0.0,0.0,0.0,0.0,0.0,0.0,0.0,0.0,0.0,0.0,0.0,0.0,0.0,0.0,0.0,0.0,0.0,0.0,0.0,0.0,0.0,0.0,0.0,0.0,0.0,0.0,0.0,0.0,0.0,0.0,0.0,0.0,0.0,0.0
cement and other nonmetallic minerals 239,0.0,0.0,0.0,0.0,0.0,28031409.323046833,29333897.642073236,27970190.97222222,29157004.935834154,33173001.064672638,30191118.449214846,27950007.87431286,26562196.19800393,25429531.165508505,25088607.45550532,24701073.74778527,24355523.56704114,24045207.864541292,19948212.377929457,19186013.18839051,18338110.321353804,17529484.970524147,17026494.703161117,16600304.224530986,15911572.204298638,15467439.232132087,14986137.29976838,14570218.257594224,14258617.659749592,14027743.077449363,13665497.344368659,13433073.721288009,13224521.374477224,13002628.231257837,12845674.64025076,12728348.112820389
iron and steel 241,0.0,0.0,0.0,0.0,0.0,2248636.6598778004,2274622.4847250506,2683073.0641330164,2611741.7431192663,2531836.901861467,2362744.474617542,2125615.0173852267,2037120.1330725031,2065401.896337318,2072118.748288451,2048221.2888635863,2004014.622280964,1929553.7823353156,1929589.383795574,1962405.6457210935,1971408.7998478527,1992146.7124076346,2014103.4793424834,2032971.903534608,2057350.1079160196,2074870.7831986784,2080910.3305915457,2101573.0602099556,2140284.155719068,2162696.3550829487,2169485.0189497583,2163121.9581002975,2137712.65151879,2108420.837693979,2109623.127851975,2129380.440811525
other metals 242,0.0,0.0,0.0,0.0,0.0,653799.3088782562,673715.7575757576,683146.445026178,742055.556792873,766859.0463730874,758348.4461305862,754964.9128507294,771437.6729383293,799454.3679549234,822475.9135922302,841861.7820295191,853006.7181726276,854746.0439822631,854305.9767897568,856415.7812688125,861658.2825170114,869782.4882760872,878560.5702763104,885407.8524663799,890481.7594178644,899289.3109625239,906041.7064455022,911316.8544473231,919900.9362856904,928974.8730265273,933526.9111146772,935052.2224606106,936198.3230309795,938445.6479769894,940814.265390457,940594.9009031669
metal products except machinery and vehicles 25,0.0,0.0,0.0,0.0,0.0,0.0,0.0,0.0,0.0,0.0,0.0,0.0,0.0,0.0,0.0,0.0,0.0,0.0,0.0,0.0,0.0,0.0,0.0,0.0,0.0,0.0,0.0,0.0,0.0,0.0,0.0,0.0,0.0,0.0,0.0,0.0
computers and electronics 26,0.0,0.0,0.0,0.0,0.0,0.0,0.0,0.0,0.0,0.0,0.0,0.0,0.0,0.0,0.0,0.0,0.0,0.0,0.0,0.0,0.0,0.0,0.0,0.0,0.0,0.0,0.0,0.0,0.0,0.0,0.0,0.0,0.0,0.0,0.0,0.0
appliances and electrical equipment 27,0.0,0.0,0.0,0.0,0.0,0.0,0.0,0.0,0.0,0.0,0.0,0.0,0.0,0.0,0.0,0.0,0.0,0.0,0.0,0.0,0.0,0.0,0.0,0.0,0.0,0.0,0.0,0.0,0.0,0.0,0.0,0.0,0.0,0.0,0.0,0.0
other machinery 28,0.0,0.0,0.0,0.0,0.0,0.0,0.0,0.0,0.0,0.0,0.0,0.0,0.0,0.0,0.0,0.0,0.0,0.0,0.0,0.0,0.0,0.0,0.0,0.0,0.0,0.0,0.0,0.0,0.0,0.0,0.0,0.0,0.0,0.0,0.0,0.0
road vehicles 29,0.0,0.0,0.0,0.0,0.0,0.0,0.0,0.0,0.0,0.0,0.0,0.0,0.0,0.0,0.0,0.0,0.0,0.0,0.0,0.0,0.0,0.0,0.0,0.0,0.0,0.0,0.0,0.0,0.0,0.0,0.0,0.0,0.0,0.0,0.0,0.0
nonroad vehicles 30,0.0,0.0,0.0,0.0,0.0,0.0,0.0,0.0,0.0,0.0,0.0,0.0,0.0,0.0,0.0,0.0,0.0,0.0,0.0,0.0,0.0,0.0,0.0,0.0,0.0,0.0,0.0,0.0,0.0,0.0,0.0,0.0,0.0,0.0,0.0,0.0
other manufacturing 31T33,0.0,0.0,0.0,0.0,0.0,39565610.586011335,39897982.986767486,43380456.61204558,47166516.51258228,46398662.286700584,45142342.943197995,44502825.10963656,44410936.53352603,44571380.07348255,45238857.122813314,46058087.40647256,46853494.57056565,48198906.04254926,49350576.84912767,50544121.88813289,51560649.6568428,52171345.281649284,52956014.50507852,54106012.44263303,54810395.20786996,55871195.52825405,56903420.280871436,57780222.95693389,58472048.57693205,59154240.08384997,59941315.010640405,61306204.56249302,62159102.5092962,62897759.24435974,63711082.656125806,64544987.3667967
energy pipelines and gas processing 352T353,0.0,0.0,0.0,0.0,0.0,417800.7626310772,416205.52335557673,480209.99006293475,525094.0915750916,603030.7753480037,614205.5520751673,617696.7466084048,658159.2807693729,709008.5265010223,716961.1650419165,728444.374814011,719998.8510413235,705041.6551287571,679748.6862847338,662811.8212418878,655906.6100352246,655236.851714645,655799.2213388965,647713.9726983387,650671.4289510616,647509.4153021355,640877.9818631731,640269.8768239963,643890.3307608305,647021.6332623174,650546.3287234652,652736.1305292821,648396.0653892887,645701.5950910288,648904.7601057827,656142.1174976188
water and waste 36T39,0.0,0.0,0.0,0.0,0.0,0.0,0.0,0.0,0.0,0.0,0.0,0.0,0.0,0.0,0.0,0.0,0.0,0.0,0.0,0.0,0.0,0.0,0.0,0.0,0.0,0.0,0.0,0.0,0.0,0.0,0.0,0.0,0.0,0.0,0.0,0.0
construction 41T43,0.0,0.0,0.0,0.0,0.0,0.0,0.0,0.0,0.0,0.0,0.0,0.0,0.0,0.0,0.0,0.0,0.0,0.0,0.0,0.0,0.0,0.0,0.0,0.0,0.0,0.0,0.0,0.0,0.0,0.0,0.0,0.0,0.0,0.0,0.0,0.0
