Pollutant:,NOX,Unit: grams,,,,,,,,,,,,,,,,,,,,,,,,,,,,,,,,,,
,2015.0,2016.0,2017.0,2018.0,2019.0,2020.0,2021.0,2022.0,2023.0,2024.0,2025.0,2026.0,2027.0,2028.0,2029.0,2030.0,2031.0,2032.0,2033.0,2034.0,2035.0,2036.0,2037.0,2038.0,2039.0,2040.0,2041.0,2042.0,2043.0,2044.0,2045.0,2046.0,2047.0,2048.0,2049.0,2050.0
agriculture and forestry 01T03,0.0,0.0,0.0,0.0,0.0,2616.2071846282374,2634.252297410192,2652.2974101921473,2804.7244094488187,2863.903368705885,2894.0753099284784,2917.630430218098,2940.6954198099047,2961.3562080818847,2984.337693778674,3006.6955713458697,3001.2936792150763,3003.1995373988984,2990.419851055233,2984.765705570314,2978.544028246263,2976.092141096358,2972.581015133672,2972.7244534129886,2972.785309392385,2972.6985901660323,2971.571090860814,2975.7437780190035,2978.7353700912063,2983.17282719725,2991.15103097841,3016.6323754381783,3042.4306398529206,3069.130566596089,3092.070095230447,3115.71948686979
coal mining 05,0.0,0.0,0.0,0.0,0.0,0.0,0.0,0.0,0.0,0.0,0.0,0.0,0.0,0.0,0.0,0.0,0.0,0.0,0.0,0.0,0.0,0.0,0.0,0.0,0.0,0.0,0.0,0.0,0.0,0.0,0.0,0.0,0.0,0.0,0.0,0.0
oil and gas extraction 06,0.0,0.0,0.0,0.0,0.0,0.0,0.0,0.0,0.0,0.0,0.0,0.0,0.0,0.0,0.0,0.0,0.0,0.0,0.0,0.0,0.0,0.0,0.0,0.0,0.0,0.0,0.0,0.0,0.0,0.0,0.0,0.0,0.0,0.0,0.0,0.0
other mining and quarrying 07T08,0.0,0.0,0.0,0.0,0.0,0.0,0.0,0.0,0.0,0.0,0.0,0.0,0.0,0.0,0.0,0.0,0.0,0.0,0.0,0.0,0.0,0.0,0.0,0.0,0.0,0.0,0.0,0.0,0.0,0.0,0.0,0.0,0.0,0.0,0.0,0.0
food beverage and tobacco 10T12,0.0,0.0,0.0,0.0,0.0,0.0,0.0,0.0,0.0,0.0,0.0,0.0,0.0,0.0,0.0,0.0,0.0,0.0,0.0,0.0,0.0,0.0,0.0,0.0,0.0,0.0,0.0,0.0,0.0,0.0,0.0,0.0,0.0,0.0,0.0,0.0
textiles apparel and leather 13T15,0.0,0.0,0.0,0.0,0.0,0.0,0.0,0.0,0.0,0.0,0.0,0.0,0.0,0.0,0.0,0.0,0.0,0.0,0.0,0.0,0.0,0.0,0.0,0.0,0.0,0.0,0.0,0.0,0.0,0.0,0.0,0.0,0.0,0.0,0.0,0.0
wood products 16,0.0,0.0,0.0,0.0,0.0,0.0,0.0,0.0,0.0,0.0,0.0,0.0,0.0,0.0,0.0,0.0,0.0,0.0,0.0,0.0,0.0,0.0,0.0,0.0,0.0,0.0,0.0,0.0,0.0,0.0,0.0,0.0,0.0,0.0,0.0,0.0
pulp paper and printing 17T18,0.0,0.0,0.0,0.0,0.0,42528962.884411454,43141202.54506893,45707357.92253858,47364331.83021379,46886832.756800435,46847444.76324555,47028641.13412112,46991336.93349698,47187237.06120404,47509005.5405421,47754091.16823071,48229917.17749378,48690288.0807649,48968481.079668276,49321813.02741184,49664137.418790236,49762204.53891391,49952536.216787785,50432642.36755614,50459338.08988644,50921182.73058187,51564834.225665994,52057015.805315204,52425343.13612587,52624060.98205392,52792214.03265303,52974195.9137112,52965789.32262873,53043338.73516215,53189316.57962139,53363586.29679706
refined petroleum and coke 19,0.0,0.0,0.0,0.0,0.0,1549678.3206788746,1554062.1348816436,1558862.561983471,1441974.694717585,1886700.4327937171,1982801.5052668306,2095023.7631609202,2181553.8205708577,2167289.721508655,2121760.731827354,2109709.5703237965,2079957.4594904073,2132963.662874647,2145058.0179468426,2141504.069700988,2179301.0096688536,2182926.8176430836,2208233.2267104685,2183923.6066393508,2185580.9594437806,2189398.656299443,2167507.49403968,2187259.093528668,2178230.4723276473,2192659.5227326117,2199528.88221469,2361109.9459527824,2359922.8839397053,2259398.052698381,2197942.393785741,2220237.5403941055
chemicals 20,0.0,0.0,0.0,0.0,0.0,2996709.945984876,360465.571887018,263788.0996203295,295082.15736219735,527736.1510494939,283420.1661467035,130920.9786338481,229542.14094112103,330522.75954613806,421326.1423610276,490684.7611580706,540690.3598251387,581288.1527109209,668173.2144586308,744015.5934965892,803097.8345274128,888949.3205744716,967499.6957524146,1026271.9649911276,1079524.846272772,1128294.6683352538,1173338.923362917,1261193.8153453204,1365276.2406007494,1445173.425329197,1541021.521043033,1575437.0419284403,1605830.5971962868,1626232.8439340775,1675688.196048285,1742682.8861715666
rubber and plastic products 22,0.0,0.0,0.0,0.0,0.0,0.0,0.0,0.0,0.0,0.0,0.0,0.0,0.0,0.0,0.0,0.0,0.0,0.0,0.0,0.0,0.0,0.0,0.0,0.0,0.0,0.0,0.0,0.0,0.0,0.0,0.0,0.0,0.0,0.0,0.0,0.0
glass and glass products 231,0.0,0.0,0.0,0.0,0.0,0.0,0.0,0.0,0.0,0.0,0.0,0.0,0.0,0.0,0.0,0.0,0.0,0.0,0.0,0.0,0.0,0.0,0.0,0.0,0.0,0.0,0.0,0.0,0.0,0.0,0.0,0.0,0.0,0.0,0.0,0.0
cement and other nonmetallic minerals 239,0.0,0.0,0.0,0.0,0.0,419229664.6745627,438709303.92263395,418314100.6944444,436063747.6801579,496125826.29434514,451529650.8195188,418012248.1093275,397256537.3640925,380316726.1584088,375217969.58227295,369422127.3374096,364254178.60061556,359613186.54762965,298339704.9245234,286940473.9060914,274259483.43116224,262165916.14851594,254643338.93197194,248269357.18226725,237968879.93672082,231326555.43399897,224128342.69390103,217907977.58228764,213247769.00549674,209794875.41016734,204377232.81292704,200901172.21092108,197782123.52474982,194463553.7392141,192116201.14737475,190361499.47735822
iron and steel 241,0.0,0.0,0.0,0.0,0.0,5735028.949665406,5801304.422461448,6843036.036647438,6661109.2726081265,6457316.198338493,6026054.900007708,5421268.752778534,5195567.227722752,5267698.370101311,5284829.345984476,5223880.1388179865,5111133.372235731,4921224.935570866,4921315.735213545,5005011.876755987,5027973.945495927,5080864.895380396,5136864.46892611,5184987.3875404,5247162.709308859,5291848.265564618,5307251.811970757,5359951.011737039,5458681.614763893,5515842.744648039,5533156.873026527,5516928.222648604,5452123.129217549,5377415.906271791,5380482.283772894,5430872.266206418
other metals 242,0.0,0.0,0.0,0.0,0.0,925313.1313131313,953500.606060606,966847.7277486911,1050220.9799554565,1085325.0161624362,1073280.0811911002,1068491.4132748586,1091805.083098369,1131456.7245773557,1164038.8001348735,1191475.35196866,1207248.6261536055,1209710.269947707,1209087.4489285392,1212073.4260662687,1219493.0656712826,1230991.1418672644,1243414.6400757383,1253105.5039818939,1260286.5344074608,1272751.740455129,1282308.3125153526,1289774.1566198373,1301923.0890788448,1314765.306415243,1321207.7430467983,1323366.495126476,1324988.5554333115,1328169.1633884315,1331521.4348974049,1331210.971368494
metal products except machinery and vehicles 25,0.0,0.0,0.0,0.0,0.0,0.0,0.0,0.0,0.0,0.0,0.0,0.0,0.0,0.0,0.0,0.0,0.0,0.0,0.0,0.0,0.0,0.0,0.0,0.0,0.0,0.0,0.0,0.0,0.0,0.0,0.0,0.0,0.0,0.0,0.0,0.0
computers and electronics 26,0.0,0.0,0.0,0.0,0.0,0.0,0.0,0.0,0.0,0.0,0.0,0.0,0.0,0.0,0.0,0.0,0.0,0.0,0.0,0.0,0.0,0.0,0.0,0.0,0.0,0.0,0.0,0.0,0.0,0.0,0.0,0.0,0.0,0.0,0.0,0.0
appliances and electrical equipment 27,0.0,0.0,0.0,0.0,0.0,0.0,0.0,0.0,0.0,0.0,0.0,0.0,0.0,0.0,0.0,0.0,0.0,0.0,0.0,0.0,0.0,0.0,0.0,0.0,0.0,0.0,0.0,0.0,0.0,0.0,0.0,0.0,0.0,0.0,0.0,0.0
other machinery 28,0.0,0.0,0.0,0.0,0.0,0.0,0.0,0.0,0.0,0.0,0.0,0.0,0.0,0.0,0.0,0.0,0.0,0.0,0.0,0.0,0.0,0.0,0.0,0.0,0.0,0.0,0.0,0.0,0.0,0.0,0.0,0.0,0.0,0.0,0.0,0.0
road vehicles 29,0.0,0.0,0.0,0.0,0.0,0.0,0.0,0.0,0.0,0.0,0.0,0.0,0.0,0.0,0.0,0.0,0.0,0.0,0.0,0.0,0.0,0.0,0.0,0.0,0.0,0.0,0.0,0.0,0.0,0.0,0.0,0.0,0.0,0.0,0.0,0.0
nonroad vehicles 30,0.0,0.0,0.0,0.0,0.0,0.0,0.0,0.0,0.0,0.0,0.0,0.0,0.0,0.0,0.0,0.0,0.0,0.0,0.0,0.0,0.0,0.0,0.0,0.0,0.0,0.0,0.0,0.0,0.0,0.0,0.0,0.0,0.0,0.0,0.0,0.0
other manufacturing 31T33,0.0,0.0,0.0,0.0,0.0,73940942.15500945,74562085.82230625,81070196.70620783,88145655.21562265,86710675.0887275,84362842.34887363,83167699.63685444,82995976.57255024,83295816.41658048,84543209.82624547,86074202.47664315,87560674.04219715,90075003.7934938,92227267.41914183,94457786.38198292,96357492.20812564,97498771.44530487,98965175.7494738,101114313.08666328,102430676.57829061,104413119.76483065,106342160.40375453,107980745.40198565,109273641.86919504,110548533.92834829,112019434.05528946,114570164.801176,116164076.20086503,117544491.51888491,119064445.29824029,120622861.78824912
energy pipelines and gas processing 352T353,0.0,0.0,0.0,0.0,0.0,64301.23927550047,64055.7254528122,73906.27360052998,80814.11965811966,92808.89276495141,94528.73642358572,95066.04548359159,101293.39431462975,109119.30036654545,110343.24383297024,112110.55659361785,110810.75608225777,108508.78270334913,104616.09176763764,102009.43924541963,100946.69911241616,100843.62057862621,100930.17155460468,99685.81885365589,100140.98341811384,99654.33663711809,98633.73201779429,98540.14217515607,99097.34478391217,99579.26499421558,100121.72998349242,100458.74940154,99790.79569728984,99376.105742494,99869.08588632032,100982.94467021558
water and waste 36T39,0.0,0.0,0.0,0.0,0.0,0.0,0.0,0.0,0.0,0.0,0.0,0.0,0.0,0.0,0.0,0.0,0.0,0.0,0.0,0.0,0.0,0.0,0.0,0.0,0.0,0.0,0.0,0.0,0.0,0.0,0.0,0.0,0.0,0.0,0.0,0.0
construction 41T43,0.0,0.0,0.0,0.0,0.0,0.0,0.0,0.0,0.0,0.0,0.0,0.0,0.0,0.0,0.0,0.0,0.0,0.0,0.0,0.0,0.0,0.0,0.0,0.0,0.0,0.0,0.0,0.0,0.0,0.0,0.0,0.0,0.0,0.0,0.0,0.0
