Year,2024.0,2025.0,2026.0,2027.0,2028.0,2029.0,2030.0,2031.0,2032.0,2033.0,2034.0,2035.0,2036.0,2037.0,2038.0,2039.0,2040.0,2041.0,2042.0,2043.0,2044.0,2045.0,2046.0,2047.0,2048.0,2049.0,2050.0
electricity (BTU),1035380000000.0,1033140000000.0,1025980000000.0,1022320000000.0,1020810000000.0,1018090000000.0,1011240000000.0,1002580000000.0,994765000000.0,987968000000.0,981836000000.0,976251000000.0,971466000000.0,966863000000.0,962282000000.0,957595000000.0,952823000000.0,948422000000.0,943919000000.0,939560000000.0,935220000000.0,930827000000.0,926096000000.0,920871000000.0,915445000000.0,910095000000.0,904551000000.0
coal (BTU),0.0,0.0,0.0,0.0,0.0,0.0,0.0,0.0,0.0,0.0,0.0,0.0,0.0,0.0,0.0,0.0,0.0,0.0,0.0,0.0,0.0,0.0,0.0,0.0,0.0,0.0,0.0
natural gas (BTU),1524100000000.0,1520800000000.0,1547610000000.0,1557970000000.0,1557350000000.0,1548440000000.0,1536180000000.0,1521580000000.0,1516000000000.0,1513820000000.0,1516420000000.0,1519770000000.0,1525240000000.0,1530480000000.0,1535660000000.0,1540230000000.0,1544830000000.0,1549850000000.0,1556560000000.0,1563930000000.0,1572120000000.0,1579500000000.0,1584260000000.0,1587200000000.0,1589430000000.0,1591520000000.0,1593740000000.0
petroleum diesel (BTU),0.0,0.0,0.0,0.0,0.0,0.0,0.0,0.0,0.0,0.0,0.0,0.0,0.0,0.0,0.0,0.0,0.0,0.0,0.0,0.0,0.0,0.0,0.0,0.0,0.0,0.0,0.0
heat (BTU),0.0,0.0,0.0,0.0,0.0,0.0,0.0,0.0,0.0,0.0,0.0,0.0,0.0,0.0,0.0,0.0,0.0,0.0,0.0,0.0,0.0,0.0,0.0,0.0,0.0,0.0,0.0
biomass (BTU),0.0,0.0,0.0,0.0,0.0,0.0,0.0,0.0,0.0,0.0,0.0,0.0,0.0,0.0,0.0,0.0,0.0,0.0,0.0,0.0,0.0,0.0,0.0,0.0,0.0,0.0,0.0
kerosene (BTU),0.0,0.0,0.0,0.0,0.0,0.0,0.0,0.0,0.0,0.0,0.0,0.0,0.0,0.0,0.0,0.0,0.0,0.0,0.0,0.0,0.0,0.0,0.0,0.0,0.0,0.0,0.0
heavy or residual oil (BTU),0.0,0.0,0.0,0.0,0.0,0.0,0.0,0.0,0.0,0.0,0.0,0.0,0.0,0.0,0.0,0.0,0.0,0.0,0.0,0.0,0.0,0.0,0.0,0.0,0.0,0.0,0.0
LPG propane or butane (BTU),0.0,0.0,0.0,0.0,0.0,0.0,0.0,0.0,0.0,0.0,0.0,0.0,0.0,0.0,0.0,0.0,0.0,0.0,0.0,0.0,0.0,0.0,0.0,0.0,0.0,0.0,0.0
hydrogen (BTU),0.0,0.0,0.0,0.0,0.0,0.0,0.0,0.0,0.0,0.0,0.0,0.0,0.0,0.0,0.0,0.0,0.0,0.0,0.0,0.0,0.0,0.0,0.0,0.0,0.0,0.0,0.0
,,,,,,,,,,,,,,,,,,,,,,,,,,,
"Cell = EPS_output!<corresponding fuel x year cell> (already aggregated from Forecast F7 10 end-uses -> 5 EPS components, x 1000 kBtu->BTU; electricity was data-center-netted at the calibration-target level in Calcs STEP 7b, with DC-stripped growth from Forecast STEP F5a). Pivoted to match EPS US baseline BCEU tab format.",,,,,,,,,,,,,,,,,,,,,,,,,,,
